Segundos, R, G, B
0, 2.06590555555585, 17.804686111112,24.2417250000045
0.0333333333333333, 1.75368888888941, 13.3156250000009,5.80718333333279
0.0666666666666667, 11.6886694444447, 0.852466666666804,0.619850000000189
0.1, 18.171619444446, 2.09719444444425,7.32095833333232
0.133333333333333, 11.3267944444455, 7.64158611111065,38.2272694444448
0.166666666666667, 3.32802499999892, 21.8994638888913,55.7091638888938
